{
	"partitions" : [
		{
			"name" : "Top",
			"pins" : [
				{
					"name" : "seg_sel[0]",
					"strict" : false
				},
				{
					"name" : "seg_sel[1]",
					"strict" : false
				},
				{
					"name" : "seg_sel[2]",
					"strict" : false
				},
				{
					"name" : "seg_sel[3]",
					"strict" : false
				},
				{
					"name" : "seg_sel[4]",
					"strict" : false
				},
				{
					"name" : "seg_sel[5]",
					"strict" : false
				},
				{
					"name" : "seg_led[0]",
					"strict" : false
				},
				{
					"name" : "seg_led[1]",
					"strict" : false
				},
				{
					"name" : "seg_led[2]",
					"strict" : false
				},
				{
					"name" : "seg_led[3]",
					"strict" : false
				},
				{
					"name" : "seg_led[4]",
					"strict" : false
				},
				{
					"name" : "seg_led[5]",
					"strict" : false
				},
				{
					"name" : "seg_led[6]",
					"strict" : false
				},
				{
					"name" : "led[0]",
					"strict" : false
				},
				{
					"name" : "led[1]",
					"strict" : false
				},
				{
					"name" : "led[2]",
					"strict" : false
				},
				{
					"name" : "led[3]",
					"strict" : false
				},
				{
					"name" : "beep",
					"strict" : false
				},
				{
					"name" : "sys_rst_n",
					"strict" : false
				},
				{
					"name" : "sys_clk",
					"strict" : false
				},
				{
					"name" : "key3",
					"strict" : false
				},
				{
					"name" : "key1",
					"strict" : false
				},
				{
					"name" : "key2",
					"strict" : false
				},
				{
					"name" : "key0",
					"strict" : false
				}
			]
		}
	]
}